INSERT INTO Clinica
values('60.448.040/0001-22','Hospital das Clinicas','Belo Horizonte','MG'),
      ('22.040.448/0001-60','Clinica dos Hospitais','João Pessoa','PB');

INSERT INTO Funcionario
values(22111, 'Allison Becker', 'Médico', '2000-05-05', 'M', '60.448.040/0001-22'),
      (22221, 'Thiago Silva', 'Médico', '1998-11-01', 'M', '60.448.040/0001-22'),
      (22333, 'Marquinhos', 'Médico', '1990-12-11', 'M', '60.448.040/0001-22'),
      (22444, 'Danilo Pais', 'Médico', '1999-02-19', 'M', '22.040.448/0001-60'),
      (22555, 'Alex Sandro', 'Enfermeiro', '1995-03-13', 'M', '60.448.040/0001-22'),
      (22666, 'Casimiro Miguel', 'Enfermeiro', '1996-05-25', 'M', '22.040.448/0001-60'),
      (22777, 'Bruno Guimarães', 'Enfermeiro', '1998-01-15', 'M', '60.448.040/0001-22'),
      (22888, 'Lucas Paquetá', 'Enfermeiro', '1999-01-11', 'M', '60.448.040/0001-22'),
      (22999, 'Neymar Junior', 'Atendente', '2000-09-09', 'M', '22.040.448/0001-60'),
      (22102, 'Vinicius Junior', 'Atendente', '2000-10-27', 'M', '60.448.040/0001-22'),
      (22717, 'Richarlyson', 'Instrumentista', '1998-12-08', 'M', '22.040.448/0001-60'),
      (22101, 'Raphinha Dias', 'Instrumentista', '2000-10-02', 'M', '60.448.040/0001-22'),
      (21101, 'Marta Vieira', 'Instrumentista', '2023-09-06', 'F', '22.040.448/0001-60'),
      (22189, 'Maraildes Mota', 'Antendente', '2023-09-09', 'F', '60.448.040/0001-22'),
      (27896, 'Alisha Lehmann', 'Médico', '2023-09-05', 'F', '60.448.040/0001-22');

INSERT INTO Medico
values('0000123456/MG', 'Pediatra', '22111'),
      ('0000123457/RJ', 'Infectologista', '22221'),
      ('0000123458/SP', 'Cardiologista', '22333'),
      ('0000123459/RS', 'Ortopedista', '22444');

INSERT INTO Enfermeiro
values('COREN-MG 123.456-AE', 22555),
      ('COREN-RS 753.451-TE', 22666),
      ('COREN-PB 457.327-AE', 22777),
      ('COREN-RJ 542.375-ENF', 22888);

INSERT INTO PlanoSaude
values(1234, 'UNIMED'),
      (6789, 'MILITAR'),
      (1009, 'BRADESCO');

INSERT INTO Paciente
values('123.456.789-10' , 'Carlos Willian Medeiros' , '1996-06-11', 'M' ,'60.448.040/0001-22' , '1234'),
      ('400.289.227-05' , 'Samuel Ferreira Cleiton' , '2002-08-09', 'M' ,'22.040.448/0001-60', '6789'),
      ('116.985.782-07' , 'Maria Villani Batista' , '2004-04-27', 'F' , '60.448.040/0001-22' , '1234'),
      ('786.180.396-02' , 'Sabrina Ferrue' , '1999-09-08', 'F' , '22.040.448/0001-60' , null),
      ('125.895.632-48' , 'Francisco de Macena' , '1965-11-15', 'M' , '22.040.448/0001-60' , '1009'),
      ('854.635.991-05' , 'Cleber BamBam' , '2004-02-25', 'M' , '60.448.040/0001-22' , null),
      ('367.555.632-77' , 'Fernanda de Souza' , '1965-10-26' , 'F' , '60.448.040/0001-22' , 1234),
      ('960.459.882-96' , 'Irineu Sabio' , '2002-12-08', 'M' ,'60.448.040/0001-22', 6789);

INSERT INTO Sala
values(12354, 101, 'Cirurgia', '60.448.040/0001-22'),
      (98765 , 202, 'Consulta', '60.448.040/0001-22'),
      (17777 , 202, 'Cirurgia', '60.448.040/0001-22'),
      (16666 , 303, 'Cirurgia', '60.448.040/0001-22'),
      (15555 , 404, 'Consulta', '22.040.448/0001-60'),
      (14444 , 505, 'Cirurgia', '22.040.448/0001-60'),
      (13333 , 606, 'Consulta', '22.040.448/0001-60');

INSERT INTO Cirurgia
values(12345, 'Ortopedia', '12:30:00', '2021-12-01', '60.448.040/0001-22', 12354, '123.456.789-10'),
      (67890, 'Cardiologia', '18:00:00', '2020-11-30', '60.448.040/0001-22', 17777, '125.895.632-48'),
      (15976, 'Paliativa', '16:45:00', '2021-11-29', '22.040.448/0001-60', 16666, '367.555.632-77'),
      (14795, 'Diagnostica', '17:30:00', '2019-12-14', '22.040.448/0001-60', 15555,'854.635.991-05'),
      (15863, 'Geral', '07:15:00', '2021-11-27', '60.448.040/0001-22', 14444,'960.459.882-96'),
      (23578, 'Vasectomia', '15:00:00', '2018-11-30', '22.040.448/0001-60', 13333,'123.456.789-10');

INSERT INTO Equipamento
values(1299 , 'Bisturis' , '60.448.040/0001-22' ),
      (1237 , 'Pinças de Dissecção' , '60.448.040/0001-22' ),
      (1296 , 'Tesouras' , '60.448.040/0001-22' ),
      (1234 , 'Metzenbaum' , '60.448.040/0001-22' ),
      (5689 , 'Íris' , '60.448.040/0001-22' ),
      (8472 , 'Pinça de dissecção' , '60.448.040/0001-22' ),
      (2431 , 'Pinça hemostática' , '60.448.040/0001-22' ),
      (8547 , 'Gaze' , '22.040.448/0001-60' ),
      (7452 , 'Bandeide' , '22.040.448/0001-60' ),
      (4218 , 'Tala' , '22.040.448/0001-60' ),
      (9655 , 'Gesso sintético' , '22.040.448/0001-60' ),
      (7427 , 'Plástico termomoldável' , '22.040.448/0001-60' ),
      (7758 , 'Desfibrilador' , '60.448.040/0001-22' ),
      (1145 , 'Oxímetro' , '60.448.040/0001-22' ),
      (6593 , 'Estetoscópio' , '22.040.448/0001-60' ),
      (8571 , 'Eletrocardiógrafo' , '22.040.448/0001-60' ),
      (9648 , 'Maca hospitalar' , '60.448.040/0001-22' ),
      (2523 , 'Hamper' , '60.448.040/0001-22' ),
      (2222 , 'Mesa auxiliar' , '22.040.448/0001-60' ),
      (7896 , 'Carrinho de curativo' , '22.040.448/0001-60' ),
      (5553 , 'Oxímetro', '60.448.040/0001-22' );

INSERT INTO Consulta
values(11111, '09:00:00', '2023-02-05', '60.448.040/0001-22', 22111, '123.456.789-10', 13333),
      (22222, '10:00:00', '2023-02-28', '60.448.040/0001-22', 22221, '400.289.227-05', 17777),
      (33333, '11:00:00', '2023-03-10', '60.448.040/0001-22', 22221, '116.985.782-07', 12354),
      (44444, '12:00:00', '2023-03-25', '60.448.040/0001-22', 22333, '786.180.396-02', 14444),
      (55555, '13:00:00', '2023-04-06', '60.448.040/0001-22', 22333, '125.895.632-48', 13333),
      (66666, '14:00:00', '2023-04-19', '22.040.448/0001-60', 22444, '854.635.991-05', 16666),
      (77777, '15:00:00', '2023-05-17', '22.040.448/0001-60', 22444, '367.555.632-77', 13333),
      (88888, '16:00:00', '2023-05-13', '22.040.448/0001-60', 22111, '960.459.882-96', 17777),
      (99999, '17:00:00', '2023-06-13', '22.040.448/0001-60', 22333, '123.456.789-10', 98765);

select * from Consulta;

INSERT INTO EquipeCirurgia_Realiza
values(22111,12345),(22555,12345),(22717,12345),
      (27896,67890),(22555,67890),(21101,67890),
      (22777,15976),(22444,15976),(21101,15976),
      (22333,14795),(22717,14795),(22666,14795),
      (27896,15863),(22666,15863),(22888,15863),
      (22333,23578),(22444,23578),(22101,23578);

INSERT INTO CirurgiaEquipamento_Utiliza
values(1299, 12345),
      (1237, 67890),
      (1296, 15976),
      (1234, 14795),
      (5689, 15863),
      (8472, 23578),
      (2431, 23578),
      (8547, 14795),
      (7452, 12345),
      (4218, 67890);
